episode,reward,length,xp,kill,death,quest_accepted,quest_completed,quest_proximity,quest_progress,act_0,act_1,act_2,act_3,act_4,act_5,act_6,act_7,act_8,act_9,act_10,act_11,act_12,act_13,act_14,act_15,act_16,act_17,act_18,act_19,act_20,act_21,act_22,act_23,act_24,act_25,act_26
0,49.0087,1000,0.0,0.0,0.0,0.0,0.0,0.05,0.0,30,49,30,24,34,28,52,49,37,31,32,47,40,31,41,42,27,51,58,28,41,47,55,17,23,29,27
1,49.0048,1000,0.0,0.0,0.0,0.0,0.0,0.05,0.0,15,48,35,53,25,28,42,51,49,28,37,36,45,16,43,26,23,37,69,18,25,63,100,18,31,21,18
2,49.0049,1000,0.0,0.0,0.0,0.0,0.0,0.05,0.0,18,88,66,50,24,26,73,24,30,17,20,72,67,20,22,10,13,77,75,8,30,21,99,20,13,5,12
3,49.0053,1000,0.0,0.0,0.0,0.0,0.0,0.05,0.0,45,103,69,36,36,38,45,16,27,26,10,120,88,41,14,6,22,73,27,6,45,9,64,6,10,9,9
4,49.0083,1000,0.0,0.0,0.0,0.0,0.0,0.05,0.0,25,7,101,80,17,19,11,8,20,25,11,81,105,42,33,6,15,155,13,8,143,5,45,6,5,2,12
5,49.0031,1000,0.0,0.0,0.0,0.0,0.0,0.05,0.0,6,6,105,99,21,45,6,5,25,32,8,52,47,25,60,5,24,77,19,14,251,9,32,6,13,2,6
6,49.0068,1000,0.0,0.0,0.0,0.0,0.0,0.05,0.0,10,8,138,77,7,52,7,9,25,38,9,49,44,34,91,8,17,110,11,10,185,11,8,10,19,5,8
7,49.0028,1000,0.0,0.0,0.0,0.0,0.0,0.05,0.0,8,0,179,36,15,36,1,14,26,25,3,16,61,27,203,4,2,79,4,31,142,7,19,1,45,2,14
8,49.0073,1000,0.0,0.0,0.0,0.0,0.0,0.05,0.0,15,6,59,23,14,54,6,19,107,33,3,5,48,21,183,5,6,55,11,33,103,16,44,5,87,19,20
9,49.0049,1000,0.0,0.0,0.0,0.0,0.0,0.05,0.0,31,2,22,13,10,71,0,8,184,34,4,5,32,12,124,1,10,56,8,57,76,15,48,1,131,26,19
10,49.0048,1000,0.0,0.0,0.0,0.0,0.0,0.05,0.0,47,3,10,27,19,26,12,8,109,74,3,4,44,47,65,5,20,78,22,63,62,9,21,3,129,29,61
11,49.0048,1000,0.0,0.0,0.0,0.0,0.0,0.05,0.0,30,6,16,12,31,58,6,5,72,85,7,0,43,42,111,3,31,49,7,105,79,6,23,7,74,42,50
12,49.0032,1000,0.0,0.0,0.0,0.0,0.0,0.05,0.0,33,6,11,2,45,118,5,2,33,94,3,5,56,25,139,1,58,63,17,109,75,5,10,2,38,28,17
13,49.0049,1000,0.0,0.0,0.0,0.0,0.0,0.05,0.0,53,3,15,13,34,126,25,5,21,85,3,5,66,70,94,7,93,92,40,40,29,5,6,1,24,16,29
14,49.0035,1000,0.0,0.0,0.0,0.0,0.0,0.05,0.0,44,26,27,19,76,162,33,28,8,31,5,44,61,72,38,6,42,73,31,14,79,8,12,4,8,6,43
15,49.0041,1000,0.0,0.0,0.0,0.0,0.0,0.05,0.0,26,30,56,84,101,147,14,41,24,28,25,19,8,78,44,6,15,18,15,23,60,23,12,12,33,15,43
16,49.0045,1000,0.0,0.0,0.0,0.0,0.0,0.05,0.0,23,27,64,138,42,53,9,34,57,22,69,26,10,29,79,4,24,40,20,11,16,101,27,13,37,7,18
17,49.0042,1000,0.0,0.0,0.0,0.0,0.0,0.05,0.0,21,54,75,134,46,29,8,20,41,40,76,12,8,8,51,15,24,42,32,23,41,67,37,37,23,17,19
18,49.0046,1000,0.0,0.0,0.0,0.0,0.0,0.05,0.0,7,83,80,159,61,7,6,30,27,49,97,12,28,14,60,8,12,47,39,8,26,39,34,18,9,19,21
19,49.0051,1000,0.0,0.0,0.0,0.0,0.0,0.05,0.0,11,73,72,145,37,11,4,16,34,50,74,18,13,8,67,31,6,67,52,7,27,41,58,47,9,18,4
20,49.0049,1000,0.0,0.0,0.0,0.0,0.0,0.05,0.0,8,18,104,92,17,19,4,7,51,91,66,14,22,6,212,6,10,40,23,3,11,50,77,30,8,7,4
21,49.0048,1000,0.0,0.0,0.0,0.0,0.0,0.05,0.0,12,20,73,160,35,29,8,14,30,56,28,51,26,11,122,10,12,69,24,9,8,54,52,47,31,4,5
22,49.0056,1000,0.0,0.0,0.0,0.0,0.0,0.05,0.0,3,19,25,159,51,95,2,14,12,87,27,17,11,7,96,33,9,126,33,8,7,51,13,42,38,9,6
23,49.0035,1000,0.0,0.0,0.0,0.0,0.0,0.05,0.0,4,22,21,61,24,339,4,9,14,54,18,11,4,8,52,32,4,145,17,1,19,17,38,35,31,15,1
24,48.4536,1000,0.0,0.0,0.0,0.0,0.0,0.05,0.0,0,17,18,44,9,280,10,5,18,112,37,5,9,4,40,59,3,70,21,5,63,29,37,53,29,20,3
25,32.2525,1000,0.0,0.0,0.0,0.0,0.0,0.0,0.0,5,41,19,37,9,71,10,1,12,76,30,2,3,6,108,84,18,124,17,17,77,76,41,37,21,47,11
26,-1.0,1000,0.0,0.0,0.0,0.0,0.0,0.0,0.0,1,43,6,16,4,15,4,11,5,19,9,5,8,9,44,61,4,310,12,24,47,65,39,128,21,59,31
27,-1.0,1000,0.0,0.0,0.0,0.0,0.0,0.0,0.0,2,19,7,6,4,13,7,15,12,6,9,6,14,13,14,82,2,348,5,32,89,40,15,55,8,59,118
28,-1.0,1000,0.0,0.0,0.0,0.0,0.0,0.0,0.0,1,8,7,2,0,4,4,21,8,11,2,2,9,2,4,6,1,712,3,40,41,35,9,20,4,9,35
29,-1.0,1000,0.0,0.0,0.0,0.0,0.0,0.0,0.0,0,1,0,3,1,2,1,3,0,3,0,0,1,1,0,6,2,905,0,3,5,10,5,2,0,4,42
30,-1.0,1000,0.0,0.0,0.0,0.0,0.0,0.0,0.0,0,1,1,0,0,2,0,10,1,2,0,1,0,5,0,2,0,922,2,3,3,4,1,4,2,2,32
31,6.6504,1000,0.0,0.0,0.0,0.0,0.0,0.0,0.0,1,0,0,0,0,1,1,4,0,0,0,0,3,5,0,1,1,932,1,3,1,3,0,3,0,0,40
32,41.7539,1000,0.0,0.0,0.0,0.0,0.0,0.0,0.0,12,4,11,1,1,4,12,31,5,0,5,1,5,16,0,5,0,781,17,12,7,2,4,19,3,9,33
33,34.8535,1000,0.0,0.0,0.0,0.0,0.0,0.05,0.0,99,3,20,7,34,0,17,62,9,7,94,8,60,83,2,30,1,277,27,14,5,6,13,22,28,5,67
